,day,research,arabic,book,teaching,service,other,freethink,total,time,activities,Sleep,Exercise,
GOALS,,25,1,1,10,5,5,3,50,,,,,
1/4/2015,S,5.7,1.15,,,,0.1,,6.95,11:00:00,psparadox,00:53-7:09,surf,
1/5/2015,M,12.65,0.5,,0.15,,0.15,,13.45,12:35:00,"psparadox, decap",23:00-8:15,"200 pushups, run, skate",
1/6/2015,T,8.5,0.8,,,3,0.75,0.6,13.65,12:48:00,"grades meeting, decap, psparadox",00:59-8:20,200 pushups,
1/7/2015,W,7,0.5,,,2.5,2.5,0.25,12.75,11:50:00,"meeting w xxxx, psparadox, demaid",00:55-8:15,200 pushups,
1/8/2015,Th,4.25,,,,5.45,2.25,0.5,12.45,12:00:00,"demaid, muslim int rejected, goals, adcom ",00:00-8:15,200 pushups,
1/9/2015,F,0.6,,,,6.65,,,7.25,11:42:00,"adcom, syria FA article",00:30-8:25,200 pushups,
1/10/2015,S,0.1,,,,6.1,,,6.2,5:00:00,adcom ,00:15-8:45,200 pushups ,
TOTAL ,,38.8,2.95,0,0.15,23.7,5.75,1.35,72.7,,,,,
,,1.55,2.95,0,0.02,4.74,1.15,0.45,1.45,,,,,
,,,,,,,,,,,,,,
GOALS,,25,1,1,10,5,5,3,50,,,,,
12/28/2014,S,1.6,,,0.6,,0.5,,2.7,8:00:00,"emails, scope and methods stuff",,200 pushups,
12/29/2014,M,4.85,0.8,,0.15,2.25,1.4,0.75,10.2,12:33:00,"demdrain NSF, odds and ends, EJIR review",,"200 pushups, run, skate",
12/30/2014,T,6.2,,,,2.65,1,1.25,11.1,12:45:00,"EJIR review, comptxt replication, decap",,200 pushups,
12/31/2014,W,6.7,1.65,,,,,,8.35,9:00:00,"iraqclerics, psparadox",,"200 pushups, run, skate",
1/1/2015,Th,6,2.6,,0.25,,,0.45,9.3,12:00:00,"psparadox, decap",,"200 pushups, run, skate",
1/2/2015,F,7.65,1.75,,0.15,,1,0.25,10.8,11:30:00,"decap, demdrain NSF, psparadox", 00:30-8:15,"200 pushups, skate",
1/3/2015,S,4.35,1,,0.15,,,,5.5,6:35:00,"psparadox, decap",11:45-9:15,"200 pushups, skate",
TOTAL ,,37.35,7.8,0,1.3,4.9,3.9,2.7,57.95,,,,,
,,1.49,7.8,0,0.13,0.98,0.78,0.9,1.16,,,,,
,,,,,,,,,,,,,,
GOALS,,20,1,1,5,1,5,3,36,,,,,
12/21/2014,S,4,,,,,,,4,12midnight,demdrain NSF,,200 pushups,
12/22/2014,M,6.2,,,1.3,,0.25,,7.75,11:35:00,"demdrain NSF, scope and methods grades",,200 pushups ,
12/23/2014,T,3.5,,,0.5,,0.1,,4.1,2:00:00,demdrain NSF,,200 pushups ,
12/24/2014,W,,,,,,,,0,,travel home from texas,,200 pushups ,
12/25/2014,Th,,,,,,,,0,,christmas dinner at hadleys,,200 pushups ,
12/26/2014,F,,,,,,,,0,,skating w Dan,,"200 pushups, run, skate",
12/27/2014,S,,0.5,,2.25,,1,,3.75,10:45:00,,,"200 pushups, run",
TOTAL ,,13.7,0.5,0,4.05,0,1.35,0,19.6,,,,,
,,0.69,0.5,0,0.81,0,0.27,0,0.54,,,,,
,,,,,,,,,,,,,,
GOALS,,15,1,1,10,1,10,3,41,,,,,
12/14/2014,S,,,,1.8,,0.9,,2.7,6:46:00,grading,,200 pushups ,
12/15/2014,M,3.25,,,0.5,,3.1,0.25,7.1,6:48:00,Syria couhes ,,200 pushups ,
12/16/2014,T,7.4,0.5,,1.25,,1.5,0.5,11.15,11:51:00,"Iraqi clerics couhes, jihad means",,200 pushups,
12/17/2014,W,3,,,0.3,,,0.4,3.7,3:05:00,jihad means,,"200 pushups, run",
12/18/2014,Th,1.85,,,2.8,,,0.5,5.15,11:45:00,"flight to Texas, 426 prep",,200 pushups ,
12/19/2014,F,1.1,0.5,,0.1,,0.25,4.35,6.3,1:30:00,"demdrain NSF, stapel book",,200 pushups ,
12/20/2014,S,4.1,,,,,,,4.1,4:07:00,demdrain NSF ,,"100 pushups, run",
TOTAL ,,20.7,1,0,6.75,0,5.75,6,40.2,,,,,
,,1.38,1,0,0.68,0,0.58,2,0.98,,,,,
,,,,,,,,,,,,,,
GOALS,,25,5,3,6,1,15,3,58,,,,,
12/7/2014,S,11.9,,,,,,0.5,12.4,430am,decap,,200 pushups,
12/8/2014,M,6.65,,,2.2,,1.65,1.4,11.9,11:50:00,"decap, iraqi clerics",,200 pushups,
12/9/2014,T,8.25,,,0.85,,1.9,0.75,11.75,12:10:00,"decap, iraqi clerics",,200 pushups,
12/10/2014,W,8.55,,,2.25,,1.35,0.75,12.9,11:45:00,"decap, lunch w xxxx",,200 pushups,
12/11/2014,Th,4.25,1,,0.75,,1.85,0.5,8.35,10:15:00,"decap, holiday party",,surf,
12/12/2014,F,0.2,2,,0.75,,1,0.6,4.55,10:00:00,got crown acceptance,,surf,
12/13/2014,S,0.25,,,2.65,,0.25,,3.15,12:00:00,grading,,200 pushups,
TOTAL ,,40.05,3,0,9.45,0,8,4.5,65,,,,,
,,1.6,0.6,0,1.58,0,0.53,1.5,1.12,,,,,
,,,,,,,,,,,,,,
GOALS,,20,5,5,10,1,15,3,59,,,,,
11/30/2014,S,2,,,0.75,,0.75,0.25,3.75,9:30:00,Orsi book,,200 pushups,
12/1/2014,M,1.85,,,4.25,,3.85,0.5,10.45,11:15:00,EMIR syllabus finalized,,"200 pushups, run",
12/2/2014,T,5,,0.15,2.65,,3.75,0.5,12.05,9:15:00,"demdrain, ethics, sovereignty, PVD faculty lunch",,200 pushups ,
12/3/2014,W,0.25,1.2,,2,1.5,4.75,0.5,10.2,10:30:00,"lunch w xxxx, dinner w xxxx",,surf,
12/4/2014,Th,2.45,,,4,,4.5,1,11.95,10:30:00,"met xxxx at couhes, ",,200 pushups,
12/5/2014,F,7.25,,,,,2.15,1,10.4,9:30:00,"Crown center interview, sovereignty, decap",,200 pushups ,
12/6/2014,S,4.6,,,,,,0.5,5.1,12:30:00,decap,,climbing,
TOTAL ,,23.4,1.2,0.15,13.65,1.5,19.75,4.25,63.9,,,,,
,,1.17,0.24,0.03,1.37,1.5,1.32,1.42,1.08,,,,,
,,,,,,,,,,,,,,
GOALS,,10,5,3,1,5,35,3,62,,,,,
11/23/2014,S,,,,0.25,,12.25,0.25,12.75,7:00:00,MESA,,200 pushups,
11/24/2014,M,,,1,,,13,0.25,14.25,1am,MESA,,,
11/25/2014,T,1,,1,0.25,3.75,3.85,0.5,10.35,9:40:00,"xxxx defense, lunch w xxxx ",,200 pushups,
11/26/2014,W,,,,,3,0.15,,3.15,4:30:00,BJPS review,,200 pushups,
11/27/2014,Th,,,,,,,,0,,thanksgiving,,surf,
11/28/2014,F,1,,,,3.5,0.35,0.25,5.1,9:35:00,"JPR review, xxxx letter",,200 pushups ,
11/29/2014,S,,,,0.15,,0.25,,0.4,6:12:00,,,200 pushups ,
TOTAL ,,2,0,2,0.65,10.25,29.85,1.25,46,,,,,
,,0.2,0,0.67,0.65,2.05,0.85,0.42,0.74,,,,,
,,,,,,,,,,,,,,
GOALS,,17,5,8,7,5,10,3,55,,,,,
11/16/2014,S,2.25,,,2.25,,0.25,0.25,5,10:30:00,comptxt,,175 pushups ,
11/17/2014,M,6.1,0.4,,1.95,,0.85,0.25,9.55,11:49:00,"comptxt, demdrain, ethics",,200 pushups,
11/18/2014,T,11.5,,,0.75,,0.25,,12.5,10:20:00,comptxt,,200 pushups,
11/19/2014,W,0.25,0.6,,3.8,,4.4,,9.05,5:55:00,muslim int resubmit,,200 pushups ,
11/20/2014,Th,,0.25,,8.75,1.25,1.25,,11.5,10:30:00,syllabus prep,,200 pushups,
11/21/2014,F,0.75,0.25,,4.65,,3.5,0.5,9.65,9:45:00,meetings and crap,,200 pushups ,
11/22/2014,S,,,,1,,9,,10,12:00:00,"xxxx paper, MESA",,100 pushups,
TOTAL ,,20.85,1.5,0,23.15,1.25,19.5,1,67.25,,,,,
,,1.23,0.3,0,3.31,0.25,1.95,0.33,1.22,,,,,
,,,,,,,,,,,,,,
GOALS,,17,5,8,7,5,10,3,55,,,,,
11/9/2014,S,4.9,0.1,,2.6,0.3,0.4,,8.3,3:50:00,"total talk, graded xxxx's draft, outstitute book",late!,200 pushups,
11/10/2014,M,0.5,0.1,,2.25,3.75,0.8,0.75,8.15,9:30:00,"outstitute book, total talk",,200 pushups,
11/11/2014,T,0.5,,,1.9,,,,2.4,10:50:00,"parents in town, chat w Dan about outstitute book",,"surf, 50 pushups ",
11/12/2014,W,0.25,,,2,,0.5,0.5,3.25,8:35:00,,,100 pushups ,
11/13/2014,Th,0.25,,,4.25,1.5,2.25,0.3,8.55,12:05:00,faculty meeting,,225 pushups,
11/14/2014,F,2,0.45,,2.5,,3.25,,8.2,11:40:00,demdrain,,surf,
11/15/2014,S,,,,4.25,,0.5,,4.75,9:30:00,long memo comments,,200 pushups ,
TOTAL ,,8.4,0.65,0,19.75,5.55,7.7,1.55,43.6,,,,,
,,0.49,0.13,0,2.82,1.11,0.77,0.52,0.79,,,,,
,,,,,,,,,,,,,,
GOALS,,17,5,8,7,5,10,3,55,,,,,
11/2/2014,S,,2.9,,1.6,0.25,3.35,,8.1,11:40:00,"teaching prep, email cleanup",,"surf, 50 pushups",
11/3/2014,M,0.8,0.55,1.75,1.9,1.5,5.7,,12.2,10:05:00,comments for xxxx,,200 pushups,
11/4/2014,T,4,0.55,2.5,0.5,1.75,2.55,,11.85,10:50:00,"psparadox,  lunch w alisha holland, al-naba ",,200 pushups,
11/5/2014,W,3.5,0.6,3.2,3.55,0.5,1.05,0.25,12.65,11:10:00,"xxxx talk, al-naba, disambiguation",,200 pushups,
11/6/2014,Th,,0.7,7,2.75,,2,0.45,12.9,11:40:00,disambiguation,,200 pushups,
11/7/2014,F,0.4,,0.5,2.65,2.9,3.25,,9.7,11:10:00,"total talk, parent-teacher conference",,,
11/8/2014,S,0.5,,,0.7,,0.25,,1.45,10:50:00,,,"hike, 50 pushups",
TOTAL ,,9.2,5.3,14.95,13.65,6.9,18.15,0.7,68.85,,,,,
,,0.54,1.06,1.87,1.95,1.38,1.82,0.23,1.25,,,,,
,,,,,,,,,,,,,,
GOALS,,15,5,3,7,15,10,3,58,,,,,
10/26/2014,S,1.75,1.5,,4.25,,,,7.5,12:30:00,Comptxt,,200 pushups,
10/27/2014,M,4,0.3,,4.7,,2.5,0.75,12.25,11:30:00,"ILSP app, daily scrapes, xxxx paper",,125 pushups,
10/28/2014,T,,0.15,7.35,0.75,1,1.25,0.25,10.75,9:55:00,disambiguation,,200 pushups,
10/29/2014,W,0.75,0.25,2.8,2.75,3.75,2.5,0.5,13.3,11:18:00,"disambiguation, minerva white paper",,100 pushups,
10/30/2014,Th,1.9,0.45,,2.5,4.5,3,0.5,12.85,11:30:00,,,200 pushups ,
10/31/2014,F,0.25,0.75,,,1.5,5,,7.5,5:00:00,,,,
11/1/2014,S,,0.15,0.25,5,0.5,0.15,,6.05,12:00:00,teaching prep,,200 pushups,
TOTAL ,,8.65,3.55,10.4,19.95,11.25,14.4,2,70.2,,,,,
,,0.58,0.71,3.47,2.85,0.75,1.44,0.67,1.21,,,,,
,,,,,,,,,,,,,,
GOALS,,15,5,15,7,0,10,3,55,,,,,
10/19/2014,S,1.4,0.25,,2.9,,0.4,,4.95,10:05:00,,,surf,
10/20/2014,M,3.5,1.75,,,,6.75,,12,11:15:00,"xxxx practice job talk, yale, psparadox",,50 pushups ,
10/21/2014,T,11.9,0.25,,1,,0.75,0.25,14.15,12:45:00,"psparadox, comptxt",,100 pushups,
10/22/2014,W,5.3,,0.5,1,,3.4,0.8,11,10:45:00,"psparadox, met xxxx",,115 pushups,
10/23/2014,Th,2.25,,0.25,3.75,,1.75,1.25,9.25,10:22:00,,,50 pushups,
10/24/2014,F,1.25,2.25,,0.5,0.25,2.75,1,8,9:45:00,"frontier, computer trouble ",,surf,
10/25/2014,S,4.25,0.1,,2,,1.25,,7.6,11:55:00,comptxt,,,
TOTAL ,,29.85,4.6,0.75,11.15,0.25,17.05,3.3,66.95,,,,,
,,1.99,0.92,0.05,1.59,#DIV/0!,1.71,1.1,1.22,,,,,
,,,,,,,,,,,,,,
GOALS,,15,5,15,7,0,10,3,55,,,,,
10/12/2014,S,,1,3.5,,,0.5,,5,10:00:00,new disambiguation ,,,
10/13/2014,M,,0.25,2.75,,,0.5,,3.5,10:15:00,new disambiguation ,,surf new longboard,
10/14/2014,T,3.8,0.15,4.5,3.5,,1.95,0.4,14.3,1:30:00,"disambiguation, crown center app ",,100 pushups,
10/15/2014,W,5.75,0.4,,4.65,,2.6,0.5,13.9,12:00:00,psparadox,,100pushups,
10/16/2014,Th,5,,,3,,3.5,,11.5,11:24:00,read stylish writing ,,,
10/17/2014,F,5.2,,,,,0.25,,5.45,8:45:00,"writing book, decap intro",,surf w Todd,
10/18/2014,S,2.5,,,0.5,,0.5,,3.5,12:00:00,psparadox,,surf w Dan twice,
TOTAL ,,22.25,1.8,10.75,11.65,0,9.8,0.9,57.15,,,,,
,,1.48,0.36,0.72,1.66,#DIV/0!,0.98,0.3,1.04,,,,,
,,,,,,,,,,,,,,
GOALS,,25,5,1,10,3,15,3,62,,,,,
10/5/2014,S,,,,0.6,,0.5,,1.1,,,11hrs,surf,
10/6/2014,M,0.75,0.25,,4.35,,7.15,,12.5,12:30:00,,,200 pushups ,
10/7/2014,T,0,0.3,8.35,1.25,,2.3,1,13.2,11:30:00,disambiguation,,140 pushups ,
10/8/2014,W,1.25,0.25,,3.25,,4.4,0.5,9.65,7:40:00,"fellowship stuff, skype w xxxx's workshop",,cycle to Saugus for car,
10/9/2014,Th,7.55,0.05,,2.35,,2.75,,12.7,11:00:00,fellowship stuff ,,200 pushups,
10/10/2014,F,2.25,1.7,,,,4.1,0.75,8.8,10:45:00,met xxxx,,"cycle to saugus, 150 pushups",
10/11/2014,S,,,10.3,,,0.5,,10.8,11:35:00,new disambiguation ,,,
TOTAL ,,11.8,2.55,18.65,11.8,0,21.7,2.25,68.75,,,,,
,,0.47,0.51,18.65,1.18,0,1.45,0.75,1.11,,,,,
,,,,,,,,,,,,,,
GOALS,,10,5,5,10,3,25,3,61,,,,,
9/28/2014,S,2,,,,,0.65,,2.65,11:00:00,,,,
9/29/2014,M,4,,,3.4,,2.35,,9.75,10:40:00,"comptxt, smr proofs",,50 pushups,
9/30/2014,T,3.65,,,2,2,5.5,0.5,13.65,12:00:00,"xxxx practice job talk,Minerva BAA",,25 pushups,
10/1/2014,W,3,0.25,,3,,5.75,0.25,12.25,11:00:00,,,20 pushups,
10/2/2014,Th,1.75,2,,2.25,,4.5,1.5,12,10:23:00,travel to princeton,,,
10/3/2014,F,1.15,,,,,13.5,,14.65,11,digital methods conference,,,
10/4/2014,S,0.5,0.75,,,,2,,3.25,10:15:00,ride w xxxx,,surf,
TOTAL ,,16.05,3,0,10.65,2,34.25,2.25,68.2,,,,,
,,1.61,0.6,0,1.07,0.67,1.37,0.75,1.12,,,,,
,,,,,,,,,,,,,,
GOALS,,20,5,10,10,3,10,3,61,,,,,
9/21/2014,S,6.65,,,,,1.5,,8.15,2:30:00,"decap, research planning ",4hrs,,
9/22/2014,M,,2,,5.75,0.5,2.1,,10.35,11:35:00,reading for scope and methods,,surf -- threw spray for first time,
9/23/2014,T,6.25,,0.25,0.95,1.25,2.9,1,12.6,12:15:00,"met xxxx of ILSP, VeF couhes renewal",,110 pushups,
9/24/2014,W,3.85,0.25,0.75,1.25,,7.45,0.25,13.8,12:21:00,"muslim int, chat xxxx, xxxx, xxxx, xxxx, fellowships",,,
9/25/2014,Th,4.15,0.6,,4.15,,3,0.75,12.65,12:20:00,"muslim int, xxxx lunch,",,60 pushups ,
9/26/2014,F,3.75,0.25,0.25,,2.75,3.25,0.5,10.75,11:51:00,"xxxx chat, submit Muslim int to AJPS",,,
9/27/2014,S,2.5,,,3.5,,,,6,10:25:00,,,110 pushups,
TOTAL ,,27.15,3.1,1.25,15.6,4.5,20.2,2.5,74.3,,,,,
,,1.36,0.62,0.13,1.56,1.5,2.02,0.83,1.22,,,,,
,,,,,,,,,,,,,,
GOALS,,20,7,0,15,3,10,3,58,,,,,
9/14/2014,S,0.5,,,,,,,0.5,,,,"25 pushups, sailing",
9/15/2014,M,3.5,0.25,,2,1.5,6.75,0.25,14.25,1:55:00,"ir, prep for discussing ME panel, decap",late,,
9/16/2014,T,9.5,,,2.75,2,0.15,,14.4,12:30:00,"case selection copyediting, me-ir talk",6hrs,,
9/17/2014,W,3,0.25,,2,2.5,7.5,,15.25,5:30:00,"xxxx generals, me-ir talk, me dinner ",4hrs,,
9/18/2014,Th,,,,2.25,1.5,5.25,,9,8:00:00,"ME panel at mit, ",,surf,
9/19/2014,F,3.25,,,,,10.25,,13.5,10:00:00,"academy conference, ME-IR talk ",,,
9/20/2014,S,,,,,,5.4,,5.4,2:15:00,academy conference ,,sailing,
TOTAL ,,19.75,0.5,0,9,7.5,35.3,0.25,72.3,,,,,
,,0.99,0.07,0,0.6,2.5,3.53,0.08,1.25,,,,,
,,,,,,,,,,,,,,
GOALS,,20,7,0,15,3,10,3,58,,,,,
9/7/2014,S,2.5,,,,,0.25,,2.75,12:50:00,decap,,rock climbing,
9/8/2014,M,5.6,,,2,,2.25,1.5,11.35,10:30:00,"decap, meet xxxx",,rock climbing,
9/9/2014,T,12.15,0.15,,0.85,,0.75,1,14.9,12:55:00,"decap, ir class",late,sailing,
9/10/2014,W,0.65,2.95,,2.8,,1.9,1.25,9.55,10:45:00,ir class,,surf gansett w todd,
9/11/2014,Th,3.15,,,4.25,3,2.5,0.5,13.4,12:00:00,"scope and methods, faculty meeting, decap",,sailing,
9/12/2014,F,1.3,,,,,1.75,,3.05,1:45:00,"breakfast w xxxx, decap, camping",,,
9/13/2014,S,,,,,,,,0,,camping while leslie at exponent,,50 pushups,
TOTAL ,,25.35,3.1,0,9.9,3,9.4,4.25,55,,,,,
,,1.27,0.44,0,0.66,1,0.94,1.42,0.95,,,,,
,,,,,,,,,,,,,,
GOALS,,10,7,0,20,0.1,10,3,50.1,,,,,
8/31/2014,S,,,,,,0.25,,0.25,,"brunch at donigans, church",not much,,
9/1/2014,M,,1.2,,1.1,,3.2,,5.5,10:00:00,emails,caught up,"rock climbing, 100 pushups",
9/2/2014,T,1.25,1.25,,2.75,3,3.6,0.75,12.6,10:30:00,grad orientation,,rock climbing ,
9/3/2014,W,2.5,0.25,,5.75,,2.95,0.5,11.95,11:05:00,"first day of class, prep for scope and methods",,rock climbing,
9/4/2014,Th,0.25,,,5.1,1.25,2.85,,9.45,11:05:00,scope and methods ,,"sailing, rock climbing ",
9/5/2014,F,2,,,0.5,,6.75,2,11.25,9:40:00,"to-do list, AJPS review",,"sailing, weights",
9/6/2014,S,6.65,,,,,1,,7.65,10:30:00,"to-do list, xxxx comments, frontier, decap",,15 pullups,
TOTAL ,,12.65,2.7,0,15.2,4.25,20.6,3.25,58.65,,,,,
,,1.27,0.39,0,0.76,42.5,2.06,1.08,1.17,,,,,
,,,,,,,,,,,,,,
GOALS,,1,7,0,20,0.1,25,3,56.1,,,,,
8/24/2014,S,,,,,,,,0,,"camping, drive to montreal",,surf the cape,
8/25/2014,M,,0.15,,,,1.5,,1.65,10:00:00,Montreal,,50 pushups,
8/26/2014,T,,,,,0.15,0.5,,0.65,,Montreal,,50 pushups,
8/27/2014,W,1,,,,,2,,3,,Montreal to DC driving,not much,,
8/28/2014,Th,1,,,,,16,,17,1:30:00,APSA,not much,,
8/29/2014,F,,,,,,16,,16,1:02:00,APSA,,80 pushups,
8/30/2014,S,,,,,,4.5,,4.5,,"APSA fire at 1:15 am, drive to Boston",not much,,
TOTAL ,,2,0.15,0,0,0.15,40.5,0,42.8,,,,,
,,2,0.02,0,0,1.5,1.62,0,0.76,,,,,
,,,,,,,,,,,,,,
GOALS,,20,7,0,20,0.1,5,3,55.1,,,,,
8/17/2014,S,,0.35,,,,,,0.35,,camping,,a few pushups,
8/18/2014,M,5,1.5,,0.25,,1.5,,8.25,11:15:00,finished fatwaclicks for APSA,,"wieghts, sailing",
8/19/2014,T,0.1,0.6,,8.5,,0.25,1.15,10.6,10:50:00,reading for scope and methods,,sailing w leslie,
8/20/2014,W,1.5,,,,,4.55,0.25,6.3,11:15:00,"pscores, letter for xxxx",,pushups,
8/21/2014,Th,3,1.15,,1,,4,0.5,9.65,12:00:00,"pscores, IR generals questions",,sailing -- got my provisional!,
8/22/2014,F,1.25,0.25,,1.75,,0.5,,3.75,12:00:00,"SM, xxxx interview ",,,
8/23/2014,S,,,,,,,,0,,camping at shawme cromwell,,surf the cape,
TOTAL ,,10.85,3.85,0,11.5,0,10.8,1.9,38.9,,,,,
,,0.54,0.55,0,0.58,0,2.16,0.63,0.71,,,,,
,,,,,,,,,,,,,,
GOALS,,25,7,0,10,0.1,5,3,50.1,,,,,
8/10/2014,S,1.5,0.1,,0.25,,,,1.85,9:20:00,frontier ,,pushups,
8/11/2014,M,4.05,1.8,,,,2.25,,8.1,11:15:00,"frontier, fatwaclicks",,"weights, sailing",
8/12/2014,T,3.25,1.3,,,,0.25,,4.8,10:19:00,"fatwaclicks, frontier",,"sailing, pushups",
8/13/2014,W,5.25,0.2,,,,2.4,0.25,8.1,12:53:00,fatwaclicks ,,pushups,
8/14/2014,Th,2.95,1.5,,,,0.7,,5.15,8:10:00,"frontier, fatwaclicks",,surf 4 hours,
8/15/2014,F,,,,,,,,0,,camping,,,
8/16/2014,S,,,,,,,,0,,camping,,"13 mile hike, mt Lafayette ",
TOTAL ,,17,4.9,0,0.25,0,5.6,0.25,28,,,,,
,,0.68,0.7,0,0.03,0,1.12,0.08,0.56,,,,,
,,,,,,,,,,,,,,
GOALS,,30,7,0,3,0.1,5,3,48.1,,,,,
8/3/2014,S,2,,,,,0.15,,2.15,11:00:00,my birthday ,,pushups,
8/4/2014,M,6.85,4.25,,,,0.55,0.5,12.15,1:40:00,"bkbs, NSF, frontier",,climbing,
8/5/2014,T,5.6,0.75,,,,1,,7.35,10:00:00,"NSF, fatwaclicks",,"run 4, pull-ups",
8/6/2014,W,0.75,3.8,,0.25,,0.15,0.75,5.7,9:15:00,"call w xxxx, sailing class 1",,surf,
8/7/2014,Th,6,1,,,,4.9,0.25,12.15,11:50:00,"fatwaclicks, xxxx, permutation talk",,weights,
8/8/2014,F,6.7,,,,,,,6.7,8:36:00,fatwaclicks ,,sailing class 2,
8/9/2014,S,1.5,,,,,,,1.5,10:55:00,frontier,,sailing  ,
TOTAL ,,29.4,9.8,0,0.25,0,6.75,1.5,47.7,,,,,
,,0.98,1.4,0,0.08,0,1.35,0.5,0.99,,,,,
,,,,,,,,,,,,,,
GOALS,,15,7,0,3,0.1,5,3,33.1,,,,,
7/27/2014,S,0.5,0.15,,,,0.1,,0.75,,frontier,,,
7/28/2014,M,,1,,,,,,1,,vacation at cape ann motor inn,,"surf twice, pull-ups",
7/29/2014,T,,,,,,,,0,,vacation at cape ann motor inn,,surf,
7/30/2014,W,0.5,0.5,,,,0.25,,1.25,,vacation at cape ann motor inn,,surf twice ,
7/31/2014,Th,1.9,1.75,,0.15,,0.35,,4.15,11:00:00,prepped Sunday school ,,weights,
8/1/2014,F,9.85,1.05,,,,0.45,0.65,12,11:20:00,fatwaclicks,,"weights, run 2.5 miles",
8/2/2014,S,7.8,1.65,,,,,0.15,9.6,12:05:00,fatwaclicks,,,
TOTAL ,,20.55,6.1,0,0.15,0,1.15,0.8,28.75,,,,,
,,1.37,0.87,0,0.05,0,0.23,0.27,0.87,,,,,
,,,,,,,,,,,,,,
GOALS,,30,7,0,3,3,10,3,56,,,,,
7/20/2014,S,0.15,0.45,,,,0.35,,0.95,9:30:00,,,crunches,
7/21/2014,M,5.9,1.5,,,0.75,2.8,0.4,11.35,9:55:00,"NSF, ILM, plam polmeth talk",,weights,
7/22/2014,T,6,2.2,,,2,1.75,0.25,12.2,10:20:00,"NSF, lunch with xxxx, xxxx polmeth talk",,run 4 miles,
7/23/2014,W,11.8,0.95,,,,1,,13.75,8:42:00,"NSF, random readings, frontier, VeF ",sick,weights,
7/24/2014,Th,9.35,1.35,,,,0.5,,11.2,11:55:00,"frontier, ILM, VeF ",,run 4.5 miles,
7/25/2014,F,7,0.9,,,,2.4,1.5,11.8,10:50:00,"VeF, mormonism w xxxx, ILM, fatwaclicks",,weights,
7/26/2014,S,0.75,1.25,,,,,,2,10:30:00,fatwaclicks,,"run 4.5, pull-ups",
TOTAL ,,40.95,8.6,0,0,2.75,8.8,2.15,63.25,,,,,
,,1.37,1.23,0,0,0.92,0.88,0.72,1.13,,,,,
,,,,,,,,,,,,,,
GOALS,,30,7,0,0.1,5,10,3,55.1,,,,,
7/13/2014,S,,0.65,,,,0.1,,0.75,8:30:00,,,pushups,
7/14/2014,M,1.75,2.3,,,4.25,3.6,0.25,12.15,11:15:00,"APSR review, ILM",,"swim Walden, weights ",
7/15/2014,T,3.7,2.95,,,,2.95,1.25,10.85,11:30:00,"SMR resubmit, NSF, ethics",,run 6.5 miles,
7/16/2014,W,1.45,3.75,,,,4.75,0.25,10.2,10:20:00,"lunch w xxxx, chat w xxxx, NSF ",,"weights, swim",
7/17/2014,Th,7.95,3.2,,,,0.6,0.75,12.5,10:25:00,"NSF, ILM",,"swim Walden, run 4.5",
7/18/2014,F,4.7,2.5,,,,1.5,0.25,8.95,10:25:00,NSF,,"swim Walden, weights ",
7/19/2014,S,4.1,0.25,,,,0.5,,4.85,10:00:00,NSF,,surf,
TOTAL ,,23.65,15.6,0,0,4.25,14,2.75,60.25,,,,,
,,0.79,2.23,0,0,0.85,1.4,0.92,1.09,,,,,
,,,,,,,,,,,,,,
GOALS,,30,7,0,0.1,5,10,3,55.1,,,,,
7/6/2014,S,,,,,,0.75,,0.75,,camping,,,
7/7/2014,M,6,1.25,,,1.5,1,0.25,10,10:30:00,"frontier, comptxt, ILM, WP review",,"weights, swim, repped 205x2",
7/8/2014,T,1,,,,,1,,2,10:30:00,"comptxt, bike shopping ",,bike ride to Lexington ,
7/9/2014,W,5.7,2.2,,,,1,0.5,9.4,11:07:00,"ILM, muslim int submitted, frontier",,"weights, swim ",
7/10/2014,Th,6.5,4.05,,,,0.4,0.75,11.7,11:45:00,"frontier, ILM, syria, NSF, case selection, decap",,"weights, swim 1 hour",
7/11/2014,F,8.35,1.15,,,,0.15,0.25,9.9,12:25:00,"decap, NSF",,weights,
7/12/2014,S,6.45,0.4,,,,0.5,,7.35,11:12:00,"decap, NSF",,pushups,
TOTAL ,,34,9.05,0,0,1.5,4.8,1.75,51.1,,,,,
,,1.13,1.29,0,0,0.3,0.48,0.58,0.93,,,,,
,,,,,,,,,,,,,,
GOALS,,30,7,0,0.1,5,10,3,55.1,,,,,
6/29/2014,S,4.45,,,,,,,4.45,12:37:00,"jihad2, comptxt",,30 pushups,
6/30/2014,M,9.4,2.45,,,,,0.75,12.6,11:50:00,"comptxt, ILM, jihad2",,"weights, swim, repped 200x2",
7/1/2014,T,9.5,0.7,,,,0.15,0.25,10.6,10:35:00,"comptxt, vef, syria, emotions",,weights,
7/2/2014,W,6.2,2.15,,0.75,,3.3,0.2,12.6,9:30:00,"ILM, muslim int, read for S&M",,"weights, swim, benched 220",
7/3/2014,Th,0.4,0.25,,0.3,,,,0.95,2:00:00,comptxt,,"pushups, crunches",
7/4/2014,F,,,,,,,,0,,camping,,hike,
7/5/2014,S,,,,,,,,0,,camping,,,
TOTAL ,,29.95,5.55,0,1.05,0,3.45,1.2,41.2,,,,,
,,1,0.79,0,10.5,0,0.35,0.4,0.75,,,,,
,,,,,,,,,,,,,,
GOALS,,30,7,0,0.1,5,10,3,55.1,,,,,
6/22/2014,S,,,,,,,,0,,,,,
6/23/2014,M,8.1,1,,,,2.1,0.25,11.45,1:15:00,"ethics, case selection, chat with xxxx",late,"weights, swim",
6/24/2014,T,9.2,1,,,,1.75,0.25,12.2,12:00:00,"caseMatch, text matching, ethics",,"weights, swim",
6/25/2014,W,10.15,0.7,,,,0.35,0.75,11.95,11:10:00,"ethics done, ILM",,"weights, benched 210",
6/26/2014,Th,6.75,0.95,,,,1.8,1.25,10.75,12:45:00,"ILM, world cup, taxes problem, jihad2",,"weights, swim",
6/27/2014,F,12.85,1.45,,,,0.4,0.5,15.2,5:15:00,jihad2,,"weights, swim",
6/28/2014,S,2.6,,,,,,,2.6,7:45:00,jihad2,,,
TOTAL ,,49.65,5.1,0,0,0,6.4,3,64.15,,,,,
,,1.66,0.73,0,0,0,0.64,1,1.16,,,,,
,,,,,,,,,,,,,,
GOALS,,30,7,0,0.1,5,10,3,55.1,,,,,
6/15/2014,S,,,,,,0.25,,0.25,,,,surf,
6/16/2014,M,3.75,0.35,,,,1.4,1,6.5,12:00:00,"ILM, pomeps ethics essay",,"weights, swim, benched 200",
6/17/2014,T,6.55,,,,1,1,,8.55,5:30:00,"ILM, decap,  meet xxxx",,weights,
6/18/2014,W,9.9,0.95,,,,1.75,0.75,13.35,12:30:00,ILM,,"weights, swim, repped 190",
6/19/2014,Th,5.7,0.5,,,,1,,7.2,10:40:00,"ILM, comptxt",,run,
6/20/2014,F,3.25,0.75,,,,0.75,0.25,5,11:30:00,"ILM, case selection",,weights,
6/21/2014,S,0.35,,,,,0.25,,0.6,12:45:00,emotions,late,,
TOTAL ,,29.5,2.55,0,0,1,6.4,2,41.45,,,,,
,,0.98,0.36,0,0,0.2,0.64,0.67,0.75,,,,,
,,,,,,,,,,,,,,
GOALS,,30,7,0,0.1,5,10,3,55.1,,,,,
6/8/2014,S,1,,,,,0.5,,1.5,6:45:00,"comptxt, muslim int",,no,
6/9/2014,M,9.3,0.25,,,,1.35,,10.9,11:35:00,"muslim int, ILM, comptxt, demaid",,"weights, swim",
6/10/2014,T,8.6,0.65,,,,0.75,0.9,10.9,11:15:00,"demaid, ILM, NSF",,"weights, swim",
6/11/2014,W,1.5,0.8,,,,3.25,1,6.55,4:45:00,"pomeps ethics essay, ILM",,"weights, swim, benched 190",
6/12/2014,Th,4.5,,,0.4,,0.25,2.75,7.9,8:25:00,"kelly and dehlin excom, ILM, muslim int",,"weights, swim",
6/13/2014,F,5.75,,,2.5,,0.25,0.75,9.25,11:00:00,"s&m prep, fatwaclicks, ILM",,weights,
6/14/2014,S,0.75,,,,,0.25,,1,7:25:00,,,surf twice,
TOTAL ,,31.4,1.7,0,2.9,0,6.6,5.4,48,,,,,
,,1.05,0.24,0,29,0,0.66,1.8,0.87,,,,,
,,,,,,,,,,,,,,
GOALS,,30,7,0,0.1,5,10,3,55.1,,,,,
6/1/2014,S,1.25,0.5,,,,0.15,,1.9,9:40:00,decap,up late,no,
6/2/2014,M,1.5,0.9,,,,,,2.4,10:00:00,"epic surf, took the day off",,surf 5 hours,
6/3/2014,T,5.1,2.25,,,,0.75,0.75,8.85,10:49:00,"arabic, comptxt",,surf,
6/4/2014,W,6.75,,,2,,2.5,,11.25,2:30:00,"muslim int, scope prep, ILM with xxxx",,"weights, benched 180",
6/5/2014,Th,11.65,,,,,0.75,,12.4,12:00:00,"decap, muslim int",2:30:00,no,
6/6/2014,F,10.25,0.25,,,,0.25,0.25,11,10:50:00,"muslim int, ILM,",,weights ,
6/7/2014,S,10.9,,,,,,,10.9,1:05:00,muslim int revisions done,,no,
TOTAL ,,47.4,3.9,0,2,0,4.4,1,58.7,,,,,
,,1.58,0.56,0,20,0,0.44,0.33,1.07,,,,,
,,,,,,,,,,,,,,
GOALS,,30,7,0,0.1,5,10,3,55.1,,,,,
5/25/2014,S,3.3,0.75,,,,1.2,,5.25,11:15:00,"comptxt, arabic, emails, jihad2",,no,
5/26/2014,M,,,,,,,,0,,"day off, wingearsheek beach, donigan BBQ",,climbing,
5/27/2014,T,,0.75,,,,8.4,,9.15,1:00:00,lunch with xxxx,,"weights, swim",
5/28/2014,W,5,0.75,,,,2.4,,8.15,8:15:00,"lunch with xxxx, fatwaclicks, ILM",,"weights, swim, climbing ",
5/29/2014,Th,,1.75,,,,8,,9.75,10:15:00,"grades meeting, reading on tawhed ",,no,
5/30/2014,F,8.6,1.15,,,,1.5,1.5,12.75,12:15:00,"ILM, planning, tawhed reading, syria videos, decap",,"weights, swim",
5/31/2014,S,4.25,,,,,,,4.25,11:25:00,"decap, VeF, temple trip",,no,
TOTAL ,,21.15,5.15,0,0,0,21.5,1.5,49.3,,,,,
,,0.71,0.74,0,0,0,2.15,0.5,0.89,,,,,
,,,,,,,,,,,,,,
GOALS,,20,7,0,0.1,5,20,3,55.1,,,,,
5/18/2014,S,9.75,,,,,0.25,,10,5:20:00,muslim int,not much,no,
5/19/2014,M,9.5,,,,,,,9.5,6:20:00,"Muslim int empirics DONE, comptxt ",allnighter,no,
5/20/2014,T,0.5,,,,1,4.5,0.5,6.5,11:10:00,"coffee w xxxx, comments for xxxx",12 hours,no,
5/21/2014,W,4.25,0.9,,,0.85,6.5,1.25,13.75,2:00:00,"emails, xxxx, xxxx's brother, emotions","late, 2am","weights, swim",
5/22/2014,Th,4.15,0.85,,,1,2.35,,8.35,11:50:00,"emotions, xxxx meeting, POMEPS",,no,
5/23/2014,F,1,,,,,12.85,,13.85,11:00:00,POMEPS,,no,
5/24/2014,S,0.25,,,,,6.25,,6.5,3:15:00,POMEPS,,no,
TOTAL ,,29.4,1.75,0,0,2.85,32.7,1.75,68.45,,,,,
,,1.47,0.25,0,0,0.57,1.64,0.58,1.24,,,,,
,,,,,,,,,,,,,,
GOALS,,30,7,0,0.1,5,10,3,55.1,,,,,
5/11/2014,S,1,,,,,,,1,,comptxt discussions,,,
5/12/2014,M,6.75,,,,,3.6,0.5,10.85,10:15:00,"muslim int, comptxt, fatwaclicks",,swim sprints,
5/13/2014,T,4.8,,,,0.5,3.85,,9.15,8:15:00,"fatwaclicks, VeF",,swim,
5/14/2014,W,3.6,,,,4.5,3,,11.1,11:30:00,"wittels thesis, lunch w xxxx, fatwaclicks",,swim,
5/15/2014,Th,8.4,,,,0.75,0.9,,10.05,11:41:00,"fatwaclicks, undergrad celebration",,no,
5/16/2014,F,6.4,0.4,,,2.75,1.25,0.25,11.05,10:50:00,"fatwaclicks at PERL, xxxx defense, muslim int",,no,
5/17/2014,S,8.25,,,,,,,8.25,3:40:00,muslim int ,,surf,
TOTAL ,,39.2,0.4,0,0,8.5,12.6,0.75,61.45,,,,,
,,1.31,0.06,0,0,1.7,1.26,0.25,1.12,,,,,
,,,,,,,,,,,,,,
GOALS,,30,7,0,0.1,5,10,3,55.1,,,,,
5/4/2014,S,,,,,1,,,1,,xxxx job market advice,,,
5/5/2014,M,4,,,,3,0.65,0.25,7.9,4:10:00,"xxxx job market advice, ISQ proofs",,skating,
5/6/2014,T,5.8,0.35,,,,2,,8.15,11:00:00,"pv breakfast, fatwaclicks, ISQ proofs, muslim int",no,climbing,
5/7/2014,W,5.35,,,,,2.5,1,8.85,6:00:00,muslim int,,no,
5/8/2014,Th,7.5,,,,1,2,0.5,11,12:35:00,"fatwaclicks, xxxx, HLS browsing, muslim int",,sprints,
5/9/2014,F,2.25,,,,1,3.5,1.5,8.25,5:00:00,"muslim int, frontier, convo with xxxx",,crunches,
5/10/2014,S,8.4,,,,,0.4,0.5,9.3,12:05:00,"muslim int, frontier, fatwaclicks",,sprints,
TOTAL ,,33.3,0.35,0,0,6,11.05,3.75,54.45,,,,,
,,1.11,0.05,0,0,1.2,1.11,1.25,0.99,,,,,
,,,,,,,,,,,,,,
GOALS,,30,7,0,0.1,1,21,3,62.1,,,,,
4/27/2014,S,0.4,,,,,0.65,,1.05,,comptxt emails,,sprints,
4/28/2014,M,5.4,0.5,,,0.35,4.25,,10.5,10:55:00,"fatwaclicks, Skype xxxx, neuroimaging talk",,sprints,
4/29/2014,T,4,0.35,,,2.25,1.5,0.5,8.6,9:05:00,"fatwaclicks, decap at JFRL, AJPS review",,no,
4/30/2014,W,3.75,2,,,0.6,1.25,0.75,8.35,9:55:00,"fatwaclicks, arab spring",4.5 hrs,surf - 4 hours,
5/1/2014,Th,4.8,0.35,,,1,4.3,0.25,10.7,1:00:00,"xxxx, fatwaclicks ",9 hrs,no,
5/2/2014,F,2.45,1.55,,,,4.45,0.5,8.95,1:40:00,ethics roundtable,7hrs,swim-sprints,
5/3/2014,S,1,,,,,0.5,,1.5,5:25:00,,not much,skating,
TOTAL ,,21.8,4.75,0,0,4.2,16.9,2,49.65,,,,,
,,0.73,0.68,0,0,4.2,0.8,0.67,0.8,,,,,
,,,,,,,,,,,,,,
GOALS,,30,7,0,0.1,1,21,3,62.1,,,,,
4/20/2014,S,,,,,,,,0,,"easter, brunches, surf",7 hrs,surf,
4/21/2014,M,5.25,,,,,3,,8.25,11:40:00,"emails, VeF, Muslim int, Jessica Stern book",,run,
4/22/2014,T,7.65,0.75,,,1.25,3.25,1,13.9,1:30:00,"VeF at pv breakfast, al-rasheed book",late,no,
4/23/2014,W,7.45,0.75,,,,0.5,1,9.7,10:42:00,"al Nusra survey, NIJ, ethics, al-rasheed book",,run,
4/24/2014,Th,7.35,1.25,,,,1.9,0.35,10.85,10:10:00,"al Nusra survey, NIJ,  ",,swim,
4/25/2014,F,3.25,0.3,,,,3.75,1.25,8.55,11:00:00,"xxxx job talk, fatwaclicks",,no,
4/26/2014,S,2.6,,,,,1.15,,3.75,11:45:00,al-rasheed book,,run,
TOTAL ,,33.55,3.05,0,0,1.25,13.55,3.6,55,,,,,
,,1.12,0.44,0,0,1.25,0.65,1.2,0.89,,,,,
,,,,,,,,,,,,,,
GOALS,,30,7,0,0.1,1,21,3,62.1,,,,,
4/13/2014,S,,,,,0.25,0.25,,0.5,1:00:00,,extra,,
4/14/2014,M,11.45,0.7,,,0.5,1.2,0.5,14.35,1:30:00,jihad2,late,no,
4/15/2014,T,6.55,0.15,,,,0.5,0.25,7.45,11:30:00,"jihad2 done, took time off",,climb,
4/16/2014,W,3.1,0.25,,,,3.6,,6.95,5:50:00,"frontier, seminars",12 hours,no - too sore,
4/17/2014,Th,0.5,,,,,6.6,0.25,7.35,10:30:00,isq review,,moved davis',
4/18/2014,F,2,,,,,5.6,,7.6,9:44:00,"io review, comptxt rejection",,run,
4/19/2014,S,,,,,,,,0,,did nothing -- surf and fix wetsuit,5 hrs,surf,
TOTAL ,,23.6,1.1,0,0,0.75,17.75,1,44.2,,,,,
,,0.79,0.16,0,0,0.75,0.85,0.33,0.71,,,,,
,,,,,,,,,,,,,,
GOALS,,27,7,0,0.1,1,25,3,63.1,,,,,
4/6/2014,S,,2,,,,3,,5,8:45:00,NEMEPW,,,
4/7/2014,M,3,1.1,,,1,1.75,1,7.85,4:45:00,"decap, xxxx, ",extra,swim,
4/8/2014,T,5.3,0.33,,,0.25,4.25,0.5,10.63,8:30:00,"VeF, PV breakfast, JFRL, jihad2",,no,
4/9/2014,W,3.1,3,,,0.2,3.55,0.25,10.1,9:00:00,xxxx,up early,surf-gansett ,
4/10/2014,Th,1.9,1.1,,,,6.5,,9.5,10:10:00,"emails, faculty meeting, AALIMS travel, jihad2, Quran",,no,
4/11/2014,F,1.5,,,,,13.95,,15.45,12:35:00,AALIMS,,no,
4/12/2014,S,1.75,0.3,,,,10.5,,12.55,10:45:00,AALIMS decap presentation,,no,
TOTAL ,,16.55,7.83,0,0,1.45,43.5,1.75,71.08,,,,,
,,0.61,1.12,0,0,1.45,1.74,0.58,1.13,,,,,
,,,,,,,,,,,,,,
GOALS,,27,11,0,0.1,1,20,3,62.1,,,,,
3/30/2014,S,0.5,,,,,1.15,,1.65,11:00:00,"emails, decap",,,
3/31/2014,M,6.45,0.7,,,1.25,3,0.25,11.65,10:40:00,"emails, decap, CUP proposal",,run,
4/1/2014,T,4.55,1.05,,,0.25,4.7,0.25,10.8,10:53:00,"stuff, jihad2",,run,
4/2/2014,W,10.95,0.7,,,,3.75,1.5,16.9,4:40:00,"xxxx email, jihad2, xxxx",no,swim,
4/3/2014,Th,3.5,1.6,,,0.75,4,0.85,10.7,10:40:00,"jihad2, fac lunch, xxxx advice, xxxx dinner",,swim,
4/4/2014,F,2.5,3.25,,,0.15,6.15,,12.05,11:25:00,"jihad2, xxxx comments, NEMEPW",,run,
4/5/2014,S,,,,,,11.15,,11.15,11:00:00,NEMEPW,,,
TOTAL ,,28.45,7.3,0,0,2.4,33.9,2.85,74.9,,,,,
,,1.05,0.66,0,0,2.4,1.7,0.95,1.21,,,,,
,,,,,,,,,,,,,,
GOALS,,25,7,0,0.1,1,40,3,76.1,,,,,
3/23/2014,S,1.4,,0.15,,,1,,2.55,10:55:00,"ISQ edits, emails",,,
3/24/2014,M,8.2,1,,,0.5,2.9,0.25,12.85,10:56:00,"ISQ edits, muslim int, arabic in latex",,swim,
3/25/2014,T,5.7,0.8,,,,1.9,0.25,8.65,7:25:00,"muslim int, ISA program",,run,
3/26/2014,W,2.15,1,,,,12.5,,15.65,12:00:00,"ISA, met xxxx, prep for ISA talk",,swim,
3/27/2014,Th,3,,,,,12.05,,15.05,12:25:00,"ISA, xxxx chat",,no,
3/28/2014,F,2.15,0.4,,,,12.5,,15.05,2:30:00,"ISA, Pomeps reception",no,swim,
3/29/2014,S,3,,,,,8,,11,11:00:00,"isa, ",,,
TOTAL ,,25.6,3.2,0.15,0,0.5,50.85,0.5,80.8,,,,,
,,1.02,0.46,0,0,0.5,1.27,0.17,1.06,,,,,
,,,,,,,,,,,,,,
GOALS,,25,7,0,0.1,12,15,3,62.1,,,,,
3/16/2014,S,0.9,,,,,,,0.9,11:50:00,decap,,,
3/17/2014,M,13.45,0.25,,,,5.25,0.25,19.2,5:30:00,"xxxx paper,xxxx talk, decap",no,swim,
3/18/2014,T,3.1,0.4,,,,0.4,,3.9,5:20:00,"decap sent, docs for gary,",,swim,
3/19/2014,W,2.5,0.7,,,5.5,3.75,0.25,12.7,11:10:00,"teach xxxx's class, xxxx talk, adcom",,swim,
3/20/2014,Th,2.05,0.3,,,7,1.45,0.25,11.05,11:51:00,"docs for xxxx, isa slides, admits",,swim,
3/21/2014,F,4.3,1.5,,,1.8,3,0.25,10.85,12:00:00,"isa slides, perl lunch, QJPS review, ISQ edits",,no,
3/22/2014,S,0.15,1.5,,,,,,1.65,7:54:00,Arabic while surfing ,not much,surf/climb,
TOTAL ,,26.45,4.65,0,0,14.3,13.85,1,60.25,,,,,
,,1.06,0.66,0,0,1.19,0.92,0.33,0.97,,,,,
,,,,,,,,,,,,,,
GOALS,,35,7,0,0.1,5.9,10,3,61,,,,,
3/9/2014,S,,2.6,,,,,,2.6,5:40:00,,,surf,
3/10/2014,M,12.9,1.35,,,,2.75,0.25,17.25,7:30:00,"decap, jonas sick all night",no,swim,
3/11/2014,T,8.15,,,,,0.6,,8.75,7:50:00,decap,,no,
3/12/2014,W,4.2,0.55,,,1.5,5,1.15,12.4,12:20:00,"decap, ssp lunch, xxxx emails",,swim,
3/13/2014,Th,5.75,0.75,,,1,2.5,1.25,11.25,10:23:00,"decap, pv breakfast, math carnival ",,swim,
3/14/2014,F,2.6,1.05,,,1.75,1.1,1.75,8.25,11:10:00,"decap, lunch w xxxx, museum of science ",,,
3/15/2014,S,8.4,,,,,,,8.4,8:30:00,decap,,rock climb,
TOTAL ,,42,6.3,0,0,4.25,11.95,4.4,68.9,,,,,
,,1.2,0.9,0,0,0.72,1.2,1.47,1.13,,,,,
,,,,,,,,,,,,,,
GOALS,,35,7,0,0.1,5.9,10,3,61,,,,,
3/2/2014,S,5.25,,,,,0.25,,5.5,10:30:00,decap,,,
3/3/2014,M,5.5,1.3,,,1.75,5.1,0.25,13.9,3:47:00,"xxxx, adcom, VeF, decap",no,swim,
3/4/2014,T,6.25,1.4,,,1,2.85,0.5,12,3:45:00,"sermons, decap, quant2 talk,",no,swim,
3/5/2014,W,3.25,0.5,,,0.5,4.85,,9.1,11,"met xxxx, ssp, decap",,swim,
3/6/2014,Th,1.25,1.25,,,1,6.35,,9.85,8:15:00,,,swim,
3/7/2014,F,4.9,1.25,,,,1.35,1.25,8.75,10:40:00,decap,,swim,
3/8/2014,S,4.25,0.15,,,,,,4.4,3:35:00,decap,,,
TOTAL ,,30.65,5.85,0,0,4.25,20.75,2,63.5,,,,,
,,0.88,0.84,0,0,0.72,2.08,0.67,1.04,,,,,
,,,,,,,,,,,,,,
GOALS,,40,7,0,0,5,7,3,62,,,,,
2/23/2014,S,2.25,,0.25,,0.1,0.5,,3.1,10:00:00,VeF,,,
2/24/2014,M,8,1.5,,,1.5,1.1,0.25,12.35,11:30:00,"VeF, adcom, sermons",,swim,
2/25/2014,T,2.3,1.45,,1.75,,4.8,0.65,10.95,10:45:00,"VeF, teaching, lunch with xxxx",,swim,
2/26/2014,W,,1.2,,,9.25,3.7,,14.15,12:15:00,"LoR , text workshop",,no,
2/27/2014,Th,1,2.8,,,4.75,1.6,0.75,10.9,10:40:00,"text workship, meet xxxx",,swim,
2/28/2014,F,2,4.05,,,4,0.55,0.15,10.75,9:43:00,"theme floors, text workshop",,swim,
3/1/2014,S,3.35,2.2,,,,1.25,,6.8,10:08:00,"LoR, decap, VeF",,,
TOTAL ,,18.9,13.2,0.25,1.75,19.6,13.5,1.8,69,,,,,
,,0.47,1.89,0,#DIV/0!,3.92,1.93,0.6,1.11,,,,,
,,,,,,,,,,,,,,
GOALS,,40,7,0,0,5,7,3,62,,,,,
2/16/2014,S,6.25,,,,,,,6.25,11:00:00,"VeF, muslim int.",,,
2/17/2014,M,5.1,0.4,,,,0.15,,5.65,11:50:00,"VeF, muslim int., lego movie",yes,,
2/18/2014,T,4.75,0.8,,,3.25,3.35,1,13.15,11:10:00,"ILM,adcom, xxxx talk",yes,swim,
2/19/2014,W,2.35,1.1,,,3.4,2.25,0.25,9.35,8:45:00,"ILM, VeF, adcom, xxxx talk, xxxx call",yes,swim,
2/20/2014,Th,7.3,1.15,,0.25,3.35,1.75,0.75,14.55,3:50:00,"ILM, adcom, sermons",3.50am,swim,
2/21/2014,F,2,0.8,,,1.75,2.55,0.7,7.8,8:05:00,"sermons, ILM",11.30pm,swim,
2/22/2014,S,2.1,1.5,,,,0.75,0.25,4.6,10:00:00,finished book of mormon,,,
TOTAL ,,29.85,5.75,0,0.25,11.75,10.8,2.95,61.35,,,,,
,,0.75,0.82,0,#DIV/0!,2.35,1.54,0.98,0.99,,,,,
,,,,,,,,,,,,,,
GOALS,,15,10,0,15,15,7,1,63,,,,,
2/9/2014,S,,,,,6.35,,,6.35,11:00:00,adcom ,,,
2/10/2014,M,2.5,1.25,,0.75,4.7,3.95,,13.15,12:00:00,adcom,late,swim,
2/11/2014,T,1.4,1.35,,,3.25,4.85,0.15,11,11:55:00,"adcom, coffee with xxxx, xxxx talk",,swim,
2/12/2014,W,6.1,0.75,,,,4.25,1.5,12.6,2:20:00,"xxxx talk, paper planning, paper brainstorming",late,swim,
2/13/2014,Th,4,0.3,,,2.25,2,0.5,9.05,11:35:00,"adcom, menoret talk, xxxx work",,swim,
2/14/2014,F,3,0.25,,,,1.25,,4.5,12:30:00,"meeting with xxxx, xxxx talk",,surf,
2/15/2014,S,6,,,,,1.5,,7.5,11:30:00,"rewards, VeF",,,
TOTAL ,,23,3.9,0,0.75,16.55,17.8,2.15,64.15,,,,,
,,1.53,0.39,0,0.05,1.1,2.54,2.15,1.02,,,,,
,,,,,,,,,,,,,,
GOALS,,15,5,0,22,15,7,1,65,,,,,
2/2/2014,S,,2.1,,,,0.25,,2.35,5:30:00,bom ,,,
2/3/2014,M,3,2,,,1.25,4.25,,10.5,11:00:00,paper for xxxx,,swim,
2/4/2014,T,,4.05,,,0.8,1.8,1.85,8.5,4:50:00,"fund. mormonism, bom, adcom",,swim,
2/5/2014,W,,6.6,,,,1.3,0.15,8.05,12:00:00,"bom, arabic downloads",,swim,
2/6/2014,Th,0.75,1.4,,0.25,6.55,2.35,0.25,11.55,11:00:00,"adcom, comp teaching meeting",,swim,
2/7/2014,F,0.5,2.2,,,3.95,3.5,0.25,10.4,9:00:00,"adcom, seminars",,,
2/8/2014,S,,,,,4.55,,,4.55,11:20:00,adcom,,,
TOTAL ,,4.25,18.35,0,0.25,17.1,13.45,2.5,55.9,,,,,
,,0.28,3.67,0,0.01,1.14,1.92,2.5,0.86,,,,,
,,,,,,,,,,,,,,
GOALS,,30,5,0,10,1,8,3,57,,,,,
1/26/2014,S,3.85,,,,,,,3.85,11:15:00,case selection,,,
1/27/2014,M,16.45,,,,,0.25,,16.7,4:15:00,case selection,,,
1/28/2014,T,8.55,,,,,3,1.25,12.8,10:30:00,case selection,,,
1/29/2014,W,11.55,0.4,,,,1.2,0.5,13.65,2:30:00,"demaid chat, case selection, meeting with chair",,,
1/30/2014,Th,8.7,0.25,,,,1.65,,10.6,9:00:00,"case selection, urop interview",,,
1/31/2014,F,0.25,2.1,,,,6.5,,8.85,8:00:00,"the square, random emails",,,
2/1/2014,S,,0.8,,,,1.5,,2.3,5:30:00,,,,
TOTAL ,,49.35,3.55,0,0,0,14.1,1.75,68.75,,,,,
,,1.65,0.71,0,0,0,1.76,0.58,1.21,,,,,
,,,,,,,,,,,,,,
GOALS,,30,5,0,10,1,8,3,57,,,,,
1/19/2014,S,3.5,0.25,,,,,,3.75,8:50:00,rewards,,,
1/20/2014,M,6,,,,,,,6,10:50:00,"rewards, frontier",,,
1/21/2014,T,3.95,0.25,,3,1,4,0.5,12.7,10:30:00,"emails, ME syllabus, adcom, decap",,,
1/22/2014,W,7,0.4,,,1.25,1.35,1.5,11.5,11:25:00,"library, adcom, SMR, ethics",,,
1/23/2014,Th,11.1,0.65,,,1.75,2.35,0.25,16.1,5:15:00,"case selection, advisement, COUHES, fatwaclicks",,,
1/24/2014,F,4.85,,,,,0.5,,5.35,10:30:00,"fatwaclicks, case selection",,,
1/25/2014,S,5.5,,,,,,,5.5,10:50:00,case selection ,,,
TOTAL ,,41.9,1.55,0,3,4,8.2,2.25,60.9,,,,,
,,1.4,0.31,0,0.3,4,1.03,0.75,1.07,,,,,
,,,,,,,,,,,,,,
GOALS,,25,20,0,10,1,8,3,67,,,,,
1/12/2014,S,6.35,,,,,,,6.35,2:20:00,"frontier, rewards",,,
1/13/2014,M,10.85,,,,,,,10.85,2:50:00,"github, frontier weights, frontier, googling clerics",,,
1/14/2014,T,9.5,,,,,1.75,0.25,11.5,10:30:00,"NSF for xxxx, VeF lit, frontier",,,
1/15/2014,W,1,,,6.6,0.25,1.65,,9.5,10:05:00,ME syllabus,,,
1/16/2014,Th,2.5,0.5,,2,3.7,3.15,0.5,12.35,11:20:00,"ME syllabus, rewards, adcom",,80,
1/17/2014,F,7.55,0.3,,,0.75,,0.7,9.3,2:00:00,rewards,,40,20
1/18/2014,S,5.8,,,,,,,5.8,1:00:00,rewards,,,
TOTAL ,,43.55,0.8,0,8.6,4.7,6.55,1.45,65.65,,,,,
,,1.74,0.04,0,0.86,4.7,0.82,0.48,0.98,,,,,
,,,,,,,,,,,,,,
GOALS,,25,20,0,10,1,8,3,67,,,,,
1/5/2014,S,0.15,3,,,,,,3.15,10:05:00,,,,
1/6/2014,M,1.55,2.25,,3.6,1.7,3.15,0.25,12.5,11:50:00,"ME syllabus, reviews",,80,
1/7/2014,T,2.15,0.55,,,7,2.8,0.5,13,11:15:00,"reviews, grades meeting, reading PS, ",,40,
1/8/2014,W,5.45,0.45,,1.25,,2.75,0.25,10.15,10:50:00,"computer setup, leblang, reading ME",,40,
1/9/2014,Th,8.5,0.6,,0.25,,1,0.5,10.85,10:30:00,"Frontier, rewards replication",,,
1/10/2014,F,11.2,0.5,,2,,5.3,,19,7:00:00,"lunch with stefanie rickard, rewards replication",,,
1/11/2014,S,0.8,,,,,0.5,,1.3,11:20:00,rewards replication,,,
TOTAL ,,29.8,7.35,0,7.1,8.7,15.5,1.5,69.95,,,,,
,,1.19,0.37,0,0.71,8.7,1.94,0.5,1.04,,,,,
,,,,,,,,,,,,,,
,,15,7,5,10,8,8,3,56,,,,,
12/29/2013,S,0.15,0.25,,,3.25,1.25,,4.9,2:15:00,"emails, adcom",,,
12/30/2013,M,,,,,7.5,,,7.5,1:30:00,adcom,,,
12/31/2013,T,4.9,,,,0.5,0.6,,6,5:35:00,frontier,,,
1/1/2014,W,1.15,4.75,,,,0.75,,6.65,10:15:00,"arabic bom, frontier",,,
1/2/2014,Th,2.35,4.75,,,,2.95,,10.05,12:40:00,"arabic bom, frontier, POMEPS",,,
1/3/2014,F,15.5,,,,,,,15.5,3:55:00,"POMEPS, frontier",,,
1/4/2014,S,1.95,3.95,,,,0.1,,6,11:30:00,arabic,,,
TOTAL ,,26,13.7,0,0,11.25,5.65,0,56.6,,,,,
,,1.73,1.96,0,0,1.41,0.71,0,1.01,,,,,
,,,,,,,,,,,,,,
12/22/2013,S,3.6,,,,,,,3.6,11:00:00,comptxt,,20,
12/23/2013,M,10.25,,,,1,0.25,,11.5,12:30:00,"paper ideas, adcom, comptxt, frontier",,,
12/24/2013,T,0.75,,,,,1,,1.75,4:40:00,papers,,,
12/25/2013,W,0.5,,,,,,,0.5,11:00:00,frontier,,,
12/26/2013,Th,7.25,0.4,,,,2,0.5,10.15,11:45:00,"frontier, lunch w xxxx",,,
12/27/2013,F,5.3,0.25,,,1,1.4,0.25,8.2,9:20:00,"advice for xxxx, emails, satt frontier, adcom",,20,
12/28/2013,S,0.25,,,,3.15,,,3.4,12:35:00,adcom,,,
TOTAL ,,27.9,0.65,0,0,5.15,4.65,0.75,39.1,,,,,
,,1.86,0.09,0,0,0.64,0.58,0.25,0.7,,,,,
,,,,,,,,,,,,,,
12/15/2013,S,2.25,,,,,0.5,,2.75,11:20:00,comptxt,,,
12/16/2013,M,6.35,0.6,,0.5,,2.3,0.5,10.25,10:50:00,"final, comptxt, lunch with xxxx",,40,
12/17/2013,T,5.75,0.15,,0.75,,5.25,,11.9,12:20:00,"gallup, xxxx meeting, how to get tenure book",,10,
12/18/2013,W,5,0.8,,1.35,,4.6,0.5,12.25,12:25:00,"comptxt, lunch xxxx, grading",,60,
12/19/2013,Th,6.25,0.5,,,3.6,6.5,1,17.85,7:15:00,"frontier meeting, xxxx advice,  couhes,  adcom",no,,
12/20/2013,F,1,0.2,,,1,4,,6.2,12:00:00,"mit party, reprints",,,
12/21/2013,S,3.25,0.2,,,,3.35,,6.8,2:50:00,"emails, goals,  tenure, comptxt",not much,20,
TOTAL ,,29.85,2.45,0,2.6,4.6,26.5,2,68,,,,,
,,1.99,0.35,0,0.26,0.58,3.31,0.67,1.21,,,,,
,,,,,,,,,,,,,,
12/8/2013,S,7,,,1.75,,1,,9.75,11:30:00,"grading, comptext, advice for xxxx, muslim int.",,70,
12/9/2013,M,10.9,0.25,,2.6,,0.5,0.5,14.75,1:30:00,"muslim int, teaching. satt mahal, cos talk",175,20,
12/10/2013,T,7.75,0.35,,1.25,,1.7,1.25,12.3,1:30:00,"cis talk, JFRL, couhes, IR class, gallup data",,110,
12/11/2013,W,4.75,0.35,,2,,1.5,1.5,10.1,9:45:00,"cis talk, teaching, xxxx mit letter",175,40,
12/12/2013,Th,3.5,0.45,,,1.25,7.4,,12.6,9:30:00,"chat w xxxx, cis talk, faculty meeting",175,60,
12/13/2013,F,1.25,0.75,,,,7.6,0.5,10.1,7:30:00,"cis board meeting, conv. w xxxx",,60,
12/14/2013,S,3.75,0.95,,0.5,,0.5,,5.7,11:47:00,"final, egypt, arabic, comptxt",,30,
TOTAL ,,38.9,3.1,0,8.1,1.25,20.2,3.75,75.3,,,,,
,,2.59,0.44,0,0.81,0.16,2.53,1.25,1.34,,,,,
,,,,,,,,,,,,,,
12/1/2013,S,,0.25,,3,,0.75,,4,11:45:00,slides for IR,176,,
12/2/2013,M,1.25,0.5,,4,,5.6,0.5,11.85,11:15:00,ME class blurb,176,,
12/3/2013,T,4,0.15,,2,,1.85,0.25,8.25,11,r code for naive bayes,176,,
12/4/2013,W,3.3,0.25,,3.1,,5.4,0.75,12.8,11:00:00,"ME class blurb, muslim int, drinks with jens",176,,
12/5/2013,Th,6.35,0.25,,0.95,3.5,2.25,,13.3,10:30:00,"ahram, meetings, grad advice, frontier alg.",177,80,
12/6/2013,F,5.25,0.5,,1,,2.25,,9,7:30:00,"slides for xxxx, xxxx letter",,80,
12/7/2013,S,5.25,0.75,,,,0.25,0.25,6.5,10:00:00,comptxt ,,40,
TOTAL ,,25.4,2.65,0,14.05,3.5,18.35,1.75,65.7,,,,,
,,1.69,0.38,0,1.41,0.44,2.29,0.58,1.17,,,,,
,,,,,,,,,,,,,,
11/24/2013,S,0.25,0.25,,,,0.25,,0.75,,,,,
11/25/2013,M,0.5,0.45,,2.25,2.5,8.75,0.25,14.7,1:20:00, isq acceptance ,,,
11/26/2013,T,5,0.8,,,3,3.5,,12.3,11:30:00,"conv. w xxxx, xxxx rec",,,
11/27/2013,W,2.25,0.25,,2.25,,0.25,,5,1:50:00,,,,
11/28/2013,Th,,,,,,,,0,,,,,
11/29/2013,F,1.75,,,,,1.25,,3,8:15:00,,175,,
11/30/2013,S,,,,1.15,,,,1.15,3:00:00,,175,,
TOTAL ,,9.75,1.75,0,5.65,5.5,14,0.25,36.9,,,,,
,,0.65,0.25,0,0.57,0.69,1.75,0.08,0.66,,,,,
,,,,,,,,,,,,,,
11/17/2013,S,1,0.25,,1.1,,,,2.35,9:50:00,,,,
11/18/2013,M,,2.15,2,2,,0.65,,6.8,10:40:00,,,,
11/19/2013,T,7.75,0.4,0.85,0.25,,1.95,0.5,11.7,10:15:00,,,,
11/20/2013,W,7.5,0.5,,2,0.5,3.75,0.35,14.6,11:00:00,arabic ocr test done,,,
11/21/2013,Th,5.5,0.5,,,2.75,1.4,,10.15,10:40:00,IJHR review,,,
11/22/2013,F,0.1,0.25,,5,1.5,5.5,0.25,12.6,11:30:00,"xxxx rec, ir ci-h, me syllabus",,,
11/23/2013,S,,,,0.8,,,,0.8,4:45:00,slides for IR,,,
TOTAL ,,21.85,4.05,2.85,11.15,4.75,13.25,1.1,59,,,,,
,,1.46,0.58,0.57,1.12,0.59,1.66,0.37,1.05,,,,,
,,,,,,,,,,,,,,
11/10/2013,S,4.25,0.1,0.1,,,0.4,,4.85,12:30:00,,,,
11/11/2013,M,4.9,1,,,,2.9,,8.8,11:55:00,,,,
11/12/2013,T,5.2,0.75,,2,4.5,1.65,,14.1,1:00:00,,,,
11/13/2013,W,7,0.5,,2,,2.65,0.75,12.9,11:00:00,,,,
11/14/2013,Th,9.1,,,,1,3.1,1,14.2,1:25:00,,,,
11/15/2013,F,3.9,0.5,,0.75,,4.5,,9.65,10:50:00,,,,
11/16/2013,S,4.5,,,0.6,,0.25,,5.35,12:00:00,,,,
TOTAL ,,38.85,2.85,0.1,5.35,5.5,15.45,1.75,69.85,,,,,
,,2.59,0.41,0.02,0.54,0.69,1.93,0.58,1.25,,,,,
,,,,,,,,,,,,,,
11/3/2013,S,0.25,0.5,0.3,0.55,3.25,1.75,0.25,6.85,11:35:00,,,,
11/4/2013,M,5.5,0.75,,3,1.5,2.3,0.45,13.5,11:30:00,,,,
11/5/2013,T,6.4,0.45,,0.25,1.5,3.25,0.5,12.35,11:40:00,,,,
11/6/2013,W,4.1,,,4.5,,3,0.65,12.25,11:00:00,,,,
11/7/2013,Th,2,0.8,,,1.25,6.3,0.25,10.6,11:15:00,,,jog,
11/8/2013,F,1.25,0.75,,,2,4.5,,8.5,11:40:00,,,jog,
11/9/2013,S,0.75,,,,,1.25,,2,1:00:00,,not much,,
TOTAL ,,20.25,3.25,0.3,8.3,9.5,22.35,2.1,66.05,,,,,
,,1.35,0.46,0.06,0.83,1.19,2.79,0.7,1.18,,,,,
,,,,,,,,,,,,,,
10/27/2013,S,6.75,,,,,0.5,,7.25,4:00:00,,,,
10/28/2013,M,9,,,,,0.5,,9.5,10:00:00,,,,
10/29/2013,T,6.2,0.75,,4,3,1.55,0.45,15.95,1.15,,allnighter,,
10/30/2013,W,9.8,0.25,0.05,2,2.75,1.75,0.25,16.85,7:10:00,,,,
10/31/2013,Th,3.5,1.1,,,,2.35,0.25,7.2,11:00:00,,,jog,
11/1/2013,F,0.75,1.2,,0.5,2.25,2.5,0.25,7.45,6:30:00,,,jog,
11/2/2013,S,,0.25,,,,0.3,,0.55,4:50:00,,,surf,
TOTAL ,,36,3.55,0.05,6.5,8,9.45,1.2,64.75,,,,,
,,2.4,0.51,0.01,0.65,1,1.18,0.4,1.16,,,,,
,,,,,,,,,,,,,,
10/20/2013,S,4.5,0.15,,,,0.5,,5.15,,11:51:00,,,
10/21/2013,M,3.75,0.55,0.35,2.25,,3.3,0.25,10.45,,8:30:00,,,
10/22/2013,T,4.1,1.1,0.15,0.25,1.65,3,1.1,11.35,11:15:00,,9 hours,jog,
10/23/2013,W,8.7,1.15,,0.75,2,3.4,,16,4:00:00,,allnighter ,jog,
10/24/2013,Th,7,0.25,,,1,1.25,0.5,10,11:55:00,,,,
10/25/2013,F,3.35,0.6,,,3.5,1.15,,8.6,11:51:00,,,,
10/26/2013,S,1,,0.35,,,0.8,,2.15,11:00:00,,,,
TOTAL ,,32.4,3.8,0.85,3.25,8.15,13.4,1.85,63.7,,,,,
,,2.16,0.54,0.17,0.33,1.02,1.68,0.62,1.14,,,,,
,,,,,,,,,,,,,,
10/13/2013,S,,0.75,,,,,,0.75,,,,,
10/14/2013,M,2.75,0.85,,,1,1,,5.6,,,,,
10/15/2013,T,0.3,1.7,,4,1.75,3.1,0.95,11.8,,,,jog,
10/16/2013,W,4.65,2,,2.5,1.6,2.5,0.25,13.5,,,,jog,
10/17/2013,Th,2.5,0.5,,,4,2,0.25,9.25,,,,,
10/18/2013,F,8.65,1.5,,,,1,0.25,11.4,,,no,surf,
10/19/2013,S,7.5,0.75,,,,0.25,,8.5,,,,,
TOTAL ,,26.35,8.05,0,6.5,8.35,9.85,1.7,60.8,,,,,
,,1.76,1.15,0,0.65,1.04,1.23,0.57,1.09,,,,,
,,,,,,,,,,,,,,
10/6/2013,S,0.75,,,3,,0.25,,4,,,,,
10/7/2013,M,7.5,0.5,,2.5,1.5,0.5,,12.5,,,,,
10/8/2013,T,2.85,0.5,,1.85,5.1,0.4,,10.7,,,,,
10/9/2013,W,1.25,0.5,,2,1.75,4.3,0.25,10.05,,,,,
10/10/2013,Th,3.5,0.8,,,2.2,4.5,1,12,,,,,
10/11/2013,F,3.75,0.4,,,1.5,2.1,0.5,8.25,,,,,
10/12/2013,S,,,,,4.15,0.35,,4.5,,,,,
TOTAL ,,19.6,2.7,0,9.35,16.2,12.4,1.75,62,,,,,
,,1.31,0.39,0,0.94,2.03,1.55,0.58,1.11,,,,,
,,,,,,,,,,,,,,
9/29/2013,S,,,,2,,0.5,,2.5,,,,,
9/30/2013,M,0.75,0.75,,2.7,,4.5,,8.7,,,,,
10/1/2013,T,0.25,2.75,,3,1.75,1.5,,9.25,,,,,
10/2/2013,W,3,0.5,,2,2.5,1.75,1,10.75,,,,,
10/3/2013,Th,11,0.9,,,0.1,2.65,0.5,15.15,,,,,
10/4/2013,F,7.25,0.55,,,,3,0.5,11.3,,,,,
10/5/2013,S,3.25,,,,,,,3.25,,,,,
TOTAL ,,25.5,5.45,0,9.7,4.35,13.9,2,60.9,,,,,
,,1.7,0.78,0,0.97,0.54,1.74,0.67,1.09,,,,,
,,,,,,,,,,,,,,
9/22/2013,S,,0.25,,1.75,,,,2,,,,,
9/23/2013,M,8.7,2.25,,2,,1,,13.95,,,,,
9/24/2013,T,0.25,2.05,,1,1.75,0.25,0.5,5.8,,,,,
9/25/2013,W,0.75,0.25,0.05,3.85,,3.75,,8.65,,,,,
9/26/2013,Th,0.3,,,,,,,0.3,,,,,
9/27/2013,F,,,,,,,,0,,,,,
9/28/2013,S,,,,,,1.5,,1.5,,,,,
TOTAL ,,10,4.8,0.05,8.6,1.75,6.5,0.5,32.2,,,,,
,,0.67,0.69,0.01,0.86,0.22,0.81,0.17,0.58,,,,,
,,,,,,,,,,,,,,
9/15/2013,S,,,,,,0.5,,0.5,,,,,
9/16/2013,M,2.25,1,0.25,4,3.5,2,,13,,,,,
9/17/2013,T,3.75,1.25,0.1,2.75,2.13,,0.5,10.48,,,,,
9/18/2013,W,3.4,1.4,0.3,2.25,1.3,1.9,0.1,10.65,,,,,
9/19/2013,Th,0.83,1.35,0.7,,2.25,2.25,,7.38,,,,,
9/20/2013,F,1.3,0.7,1,2.2,0.25,3.25,0.5,9.2,,,,,
9/21/2013,S,5,0.3,1,,,,,6.3,,,,,
TOTAL ,,16.53,6,3.35,11.2,9.43,9.9,1.1,57.51,,,,,
,,1.1,0.86,0.67,1.12,1.18,1.24,0.37,1.03,,,,,
,,,,,,,,,,,,,,
9/8/2013,S,,0.13,0.15,2.75,,0.1,,3.13,,,,,
9/9/2013,M,0.75,1,2.25,2.1,3.8,1.7,,11.6,,,,,
9/10/2013,T,2,1.75,0.1,4,1,1.25,,10.1,,,,,
9/11/2013,W,6.5,1,0.25,2.5,,4.05,,14.3,,,,,
9/12/2013,Th,0.5,1.45,0.6,2.85,2.25,2.75,,10.4,,,,,
9/13/2013,F,1.45,1.5,,,,1.2,,4.15,,,,,
9/14/2013,S,,1,,,0.5,,,1.5,,,,,
TOTAL ,,11.2,7.83,3.35,14.2,7.55,11.05,,55.18,,,,,
,,,,,,,,,,,,,,
9/1/2013,S,,,,,,,,,,,,,
9/2/2013,M,,2,,1,0.5,,,3.5,,,,,
9/3/2013,T,0.75,1.7,,1.75,4.25,1.25,,9.7,,,,,
9/4/2013,W,3,1,,2.25,1,3,,10.25,,,,,
9/5/2013,Th,2,1.75,,1.5,1,1.5,,7.75,,,,,
9/6/2013,F,2.5,0.75,,0.35,1.5,2,,7.1,,,,,
9/7/2013,S,1,1.25,,3.2,,,,5.45,,,,,
TOTAL,,9.25,8.45,,10.05,8.25,7.75,,43.75,,,,,
,,,,,,,,,0,,,,,
